{
  "current-scene": "5eea4f14-21f9-4637-ad06-88636d799545",
  "gizmos-infos": {
    "gridColor": [
      150,
      150,
      150,
      255
    ],
    "gridVisible": true,
    "iconGizmoSize": 2,
    "iconSize": 2,
    "is2D": false,
    "is3DIcon": false,
    "isGridVisible": true,
    "isIconGizmo3D": false
  },
  "camera-infos": {
    "5eea4f14-21f9-4637-ad06-88636d799545": {
      "position": {
        "x": 704.7016900675809,
        "y": 527.8254379381543,
        "z": 1201.408836721609
      },
      "rotation": {
        "w": 0.9947162900253266,
        "x": -0.10205793555585979,
        "y": 0.011062555961292745,
        "z": 0.0011401771483938055
      },
      "viewCenter": {
        "x": 678.3130682628841,
        "y": 281.7439675990563,
        "z": 15.100045820996002
      }
    },
    "6e31a991-1e48-4910-8a2a-881199530782": {
      "position": {
        "x": 711.4007275240854,
        "y": 409.1363647401221,
        "z": 1323.2130218658708
      },
      "rotation": {
        "w": 0.9949683011397736,
        "x": -0.0903334463875311,
        "y": 0.043157545055902295,
        "z": 0.003918304690088724
      },
      "viewCenter": {
        "x": 614.698959210685,
        "y": 204.66274041539072,
        "z": 210.61297800916827
      }
    },
    "f46876e4-e81b-4931-b493-6d367be385e7": {
      "position": {
        "x": 50,
        "y": 50,
        "z": 50
      },
      "rotation": {
        "w": 0.8804762392171493,
        "x": -0.27984814233312133,
        "y": 0.3647051996310009,
        "z": 0.11591689595929514
      },
      "viewCenter": {
        "x": 0,
        "y": 0,
        "z": 0
      }
    }
  },
  "camera-uuids": [
    "5eea4f14-21f9-4637-ad06-88636d799545"
  ],
  "__version__": "1.0.0",
  "float-window": {
    "position": {
      "cc": {
        "Camera": {
          "bottom": 10,
          "dock": false,
          "left": null,
          "right": 10,
          "top": null
        }
      }
    }
  }
}
